LastName,FirstName,Company,PrintBadge,Profile,AdditionnalInformation
Mueller,Jeanine,Comstruct,1/1/0001 12:00:00 AM,Staff,Red
Cross,Blake,Xeronk,1/1/0001 12:00:00 AM,Guest,Blue
Floyd,Gardner,Organica,1/1/0001 12:00:00 AM,VIP,Yellow
Fry,Cleveland,Emergent,1/1/0001 12:00:00 AM,Visitor,Green
Craig,Carney,Isoplex,1/1/0001 12:00:00 AM,Staff,Red
Woodward,Sims,Orboid,1/1/0001 12:00:00 AM,Guest,Blue
Suarez,Ebony,Momentia,1/1/0001 12:00:00 AM,VIP,Yellow
Stephenson,Sheppard,Utarian,1/1/0001 12:00:00 AM,Visitor,Green
Thomas,Pierce,Norsul,1/1/0001 12:00:00 AM,Staff,Red
Gray,Vinson,Gracker,1/1/0001 12:00:00 AM,Guest,Blue
Olson,Shari,Glasstep,1/1/0001 12:00:00 AM,Staff,Yellow
Madden,Davidson,Ovium,1/1/0001 12:00:00 AM,Guest,Green
Torres,Lynne,Zenco,1/1/0001 12:00:00 AM,VIP,Red
Dotson,Whitfield,Jetsilk,1/1/0001 12:00:00 AM,Visitor,Blue
Frederick,Althea,Danja,1/1/0001 12:00:00 AM,Staff,Yellow
Cote,Riley,Franscene,1/1/0001 12:00:00 AM,Guest,Green
Owens,Matthews,Sensate,1/1/0001 12:00:00 AM,VIP,Red
Knowles,Cathryn,Quizmo,1/1/0001 12:00:00 AM,Visitor,Blue
Merritt,Marks,Keeg,1/1/0001 12:00:00 AM,Staff,Yellow
Morin,Candy,Tropoli,1/1/0001 12:00:00 AM,Guest,Green
Owen,Carey,Digigene,1/1/0001 12:00:00 AM,Staff,Red
Watts,Harrison,Geekular,1/1/0001 12:00:00 AM,Guest,Blue
Mcintyre,Coffey,Prismatic,1/1/0001 12:00:00 AM,VIP,Yellow
Maldonado,Walters,Plasto,1/1/0001 12:00:00 AM,Visitor,Green
Sosa,Mclean,Photobin,1/1/0001 12:00:00 AM,Staff,Red
Payne,Karyn,Hydrocom,1/1/0001 12:00:00 AM,Guest,Blue
Maxwell,Yang,Viocular,1/1/0001 12:00:00 AM,VIP,Yellow
Juarez,Beasley,Digirang,1/1/0001 12:00:00 AM,Visitor,Red
Lott,Potter,Aquazure,1/1/0001 12:00:00 AM,Staff,Blue
Aguilar,Carroll,Hyplex,1/1/0001 12:00:00 AM,Guest,Yellow
Miranda,Tara,Zillacom,1/1/0001 12:00:00 AM,Staff,Green
Page,Yvonne,Scenty,1/1/0001 12:00:00 AM,Guest,Red
Rojas,May,Cujo,1/1/0001 12:00:00 AM,VIP,Blue
Hogan,Effie,Micronaut,1/1/0001 12:00:00 AM,Visitor,Yellow
Banks,Lane,Combot,1/1/0001 12:00:00 AM,Staff,Green
Mccoy,Abbott,Zillactic,1/1/0001 12:00:00 AM,Guest,Red
Mcdowell,Madge,Uberlux,1/1/0001 12:00:00 AM,VIP,Blue
Marshall,Benson,Greeker,1/1/0001 12:00:00 AM,Visitor,Yellow
Jefferson,Blackburn,Blanet,1/1/0001 12:00:00 AM,Staff,Red
Prince,Shields,Viasia,1/1/0001 12:00:00 AM,Guest,Blue
Graham,Fuller,Daido,1/1/0001 12:00:00 AM,Staff,Yellow
Mcclain,Lakeisha,Cowtown,1/1/0001 12:00:00 AM,Guest,Green
Sutton,Kasey,Gushkool,1/1/0001 12:00:00 AM,VIP,Red
Weeks,Roach,Acium,1/1/0001 12:00:00 AM,Visitor,Blue
Mcguire,Gutierrez,Gronk,1/1/0001 12:00:00 AM,Staff,Yellow
Perry,Byrd,Valreda,1/1/0001 12:00:00 AM,Guest,Green
Palmer,Bright,Sultrax,1/1/0001 12:00:00 AM,VIP,Red
Cooley,Santiago,Voratak,1/1/0001 12:00:00 AM,Visitor,Blue
Santiago,Griffith,Phuel,1/1/0001 12:00:00 AM,Staff,Yellow
Paul,Powell,Xylar,1/1/0001 12:00:00 AM,Guest,Red
Stephens,Foreman,Vendblend,1/1/0001 12:00:00 AM,Staff,Blue
Middleton,Tran,Bizmatic,1/1/0001 12:00:00 AM,Guest,Yellow
Randolph,Wise,Moltonic,1/1/0001 12:00:00 AM,VIP,Green
Reid,Wade,Xleen,1/1/0001 12:00:00 AM,Visitor,Red
Cochran,Clayton,Eyeris,1/1/0001 12:00:00 AM,Staff,Blue
Parks,Whitney,Providco,1/1/0001 12:00:00 AM,Guest,Yellow
Warren,Courtney,Tingles,1/1/0001 12:00:00 AM,VIP,Green
Booth,Hopkins,Apextri,1/1/0001 12:00:00 AM,Visitor,Red
Sanchez,Hope,Senmao,1/1/0001 12:00:00 AM,Staff,Blue
Hays,Nicholson,Plutorque,1/1/0001 12:00:00 AM,Guest,Yellow
Padilla,Lindsey,Tellifly,1/1/0001 12:00:00 AM,Staff,Red
Leblanc,Sandra,Comtext,1/1/0001 12:00:00 AM,Guest,Blue
Emerson,Merrill,Musaphics,1/1/0001 12:00:00 AM,VIP,Yellow
Stevens,Rush,Pawnagra,1/1/0001 12:00:00 AM,Visitor,Green
Bentley,Ofelia,Earthplex,1/1/0001 12:00:00 AM,Staff,Red
Willis,Marian,Vicon,1/1/0001 12:00:00 AM,Guest,Blue
Gentry,Moss,Slambda,1/1/0001 12:00:00 AM,VIP,Yellow
Pickett,Hart,Eventex,1/1/0001 12:00:00 AM,Visitor,Green
Hampton,Lawanda,Circum,1/1/0001 12:00:00 AM,Staff,Red
Peck,Rollins,Geostele,1/1/0001 12:00:00 AM,Guest,Blue
Salazar,Adams,Myopium,1/1/0001 12:00:00 AM,Staff,Yellow
Bishop,Pitts,Tsunamia,1/1/0001 12:00:00 AM,Guest,Red
Holland,Ochoa,Podunk,1/1/0001 12:00:00 AM,VIP,Blue
Hines,Keri,Gynko,1/1/0001 12:00:00 AM,Visitor,Yellow
Lindsey,Jeanie,Applica,1/1/0001 12:00:00 AM,Staff,Green
Munoz,Alissa,Ezent,1/1/0001 12:00:00 AM,Guest,Red
Ryan,Rose,Cuizine,1/1/0001 12:00:00 AM,VIP,Blue
Sloan,Kim,Zillatide,1/1/0001 12:00:00 AM,Visitor,Yellow
Cameron,Mariana,Hairport,1/1/0001 12:00:00 AM,Staff,Green
Vega,Jean,Silodyne,1/1/0001 12:00:00 AM,Guest,Red
French,Sallie,Bugsall,1/1/0001 12:00:00 AM,Staff,Blue
Daugherty,Thompson,Elemantra,1/1/0001 12:00:00 AM,Guest,Yellow
Greene,Long,Kangle,1/1/0001 12:00:00 AM,VIP,Red
Dillard,Amy,Sultraxin,1/1/0001 12:00:00 AM,Visitor,Blue
West,Lucile,Parcoe,1/1/0001 12:00:00 AM,Staff,Yellow
Fitzpatrick,Betsy,Digitalus,1/1/0001 12:00:00 AM,Guest,Green
Harvey,Eula,Aquamate,1/1/0001 12:00:00 AM,VIP,Red
Hawkins,Alston,Fuelton,1/1/0001 12:00:00 AM,Visitor,Blue
Douglas,Slater,Parleynet,1/1/0001 12:00:00 AM,Staff,Yellow
Cash,Lloyd,Filodyne,1/1/0001 12:00:00 AM,Guest,Green
Cabrera,Theresa,Bluplanet,1/1/0001 12:00:00 AM,Staff,Red
Harrington,Pat,Roboid,1/1/0001 12:00:00 AM,Guest,Blue
Carver,Paige,Translink,1/1/0001 12:00:00 AM,VIP,Yellow
Holman,Clements,Ziore,1/1/0001 12:00:00 AM,Visitor,Red
Peters,Salinas,Ludak,1/1/0001 12:00:00 AM,Staff,Blue
Ramos,Kristy,Calcula,1/1/0001 12:00:00 AM,Guest,Yellow
Hill,Hill,Nimon,1/1/0001 12:00:00 AM,VIP,Green
Haynes,Rowena,Playce,1/1/0001 12:00:00 AM,Visitor,Red
Stafford,Casey,Telequiet,1/1/0001 12:00:00 AM,Staff,Blue
Harding,Rebekah,Magnafone,1/1/0001 12:00:00 AM,Guest,Yellow
Murray,Rocha,Sportan,1/1/0001 12:00:00 AM,Staff,Green
Oconnor,Roslyn,Plasmox,1/1/0001 12:00:00 AM,Guest,Red
Terrell,Cecilia,Apex,1/1/0001 12:00:00 AM,VIP,Blue
Hensley,Rochelle,Songbird,1/1/0001 12:00:00 AM,Visitor,Yellow
George,Pauline,Vetron,1/1/0001 12:00:00 AM,Staff,Red
Herring,Franks,Electonic,1/1/0001 12:00:00 AM,Guest,Blue
Walsh,Zamora,Kindaloo,1/1/0001 12:00:00 AM,VIP,Yellow
Kinney,Rivers,Roughies,1/1/0001 12:00:00 AM,Visitor,Green
Singleton,Foster,Radiantix,1/1/0001 12:00:00 AM,Staff,Red
Koch,Munoz,Intergeek,1/1/0001 12:00:00 AM,Guest,Blue
Delacruz,Nixon,Portaline,1/1/0001 12:00:00 AM,Staff,Yellow
Gardner,Lee,Ceprene,1/1/0001 12:00:00 AM,Guest,Green
Hurley,Lela,Scentric,1/1/0001 12:00:00 AM,VIP,Red
Moore,Hull,Accupharm,1/1/0001 12:00:00 AM,Visitor,Blue
Morgan,Bush,Arctiq,1/1/0001 12:00:00 AM,Staff,Yellow
Sweeney,Franco,Hawkster,1/1/0001 12:00:00 AM,Guest,Red
Ayers,Marcie,Lumbrex,1/1/0001 12:00:00 AM,VIP,Blue
Potts,Benjamin,Anarco,1/1/0001 12:00:00 AM,Visitor,Yellow
Roman,Mckenzie,Eventix,1/1/0001 12:00:00 AM,Staff,Green
Hendricks,Vazquez,Pigzart,1/1/0001 12:00:00 AM,Guest,Red
Garrison,Inez,Cinesanct,1/1/0001 12:00:00 AM,Staff,Blue
Massey,Bettie,Eclipsent,1/1/0001 12:00:00 AM,Guest,Yellow
Forbes,Rosemarie,Verbus,1/1/0001 12:00:00 AM,VIP,Green
Merrill,Gallegos,Harmoney,1/1/0001 12:00:00 AM,Visitor,Red
Joyce,Lila,Schoolio,1/1/0001 12:00:00 AM,Staff,Blue
Wheeler,Tammie,Paprikut,1/1/0001 12:00:00 AM,Guest,Yellow
Rush,Antonia,Gallaxia,1/1/0001 12:00:00 AM,VIP,Red
Atkins,Millie,Stucco,1/1/0001 12:00:00 AM,Visitor,Blue
Ware,Lambert,Zillacon,1/1/0001 12:00:00 AM,Staff,Yellow
Parrish,Romero,Stelaecor,1/1/0001 12:00:00 AM,Guest,Green
Rivas,Delaney,Prosely,1/1/0001 12:00:00 AM,Staff,Red
Whitney,Kelley,Columella,1/1/0001 12:00:00 AM,Guest,Blue
Huff,Holden,Digigen,1/1/0001 12:00:00 AM,VIP,Yellow
Washington,Ballard,Noralex,1/1/0001 12:00:00 AM,Visitor,Green
Sampson,Flores,Quarx,1/1/0001 12:00:00 AM,Staff,Red
Keller,Dorothea,Imperium,1/1/0001 12:00:00 AM,Guest,Blue
Mcbride,Ernestine,Niquent,1/1/0001 12:00:00 AM,VIP,Yellow
Eaton,Patti,Genmom,1/1/0001 12:00:00 AM,Visitor,Red
Ramsey,Ware,Koogle,1/1/0001 12:00:00 AM,Staff,Blue
Horn,Darcy,Earbang,1/1/0001 12:00:00 AM,Guest,Yellow
Dyer,Shawna,Canopoly,1/1/0001 12:00:00 AM,Staff,Green
Bradford,Forbes,Zidox,1/1/0001 12:00:00 AM,Guest,Red
Lynn,Dona,Twiggery,1/1/0001 12:00:00 AM,VIP,Blue
Abbott,Simmons,Acruex,1/1/0001 12:00:00 AM,Visitor,Yellow
Small,Eliza,Lotron,1/1/0001 12:00:00 AM,Staff,Green
Kaufman,Preston,Farmex,1/1/0001 12:00:00 AM,Guest,Red
Wilson,Graciela,Geekola,1/1/0001 12:00:00 AM,VIP,Blue
Mcdaniel,Roxie,Zappix,1/1/0001 12:00:00 AM,Visitor,Yellow
Henderson,Duffy,Memora,1/1/0001 12:00:00 AM,Staff,Red
Newton,Weeks,Wrapture,1/1/0001 12:00:00 AM,Guest,Blue
Williamson,Charles,Menbrain,1/1/0001 12:00:00 AM,Staff,Yellow
Ellis,Gibson,Boilcat,1/1/0001 12:00:00 AM,Guest,Green
Cortez,Adkins,Realmo,1/1/0001 12:00:00 AM,VIP,Red
Swanson,Ryan,Ohmnet,1/1/0001 12:00:00 AM,Visitor,Blue
Tillman,June,Geekwagon,1/1/0001 12:00:00 AM,Staff,Yellow
Foley,Mcguire,Balooba,1/1/0001 12:00:00 AM,Guest,Green
Dejesus,Wilkerson,Limozen,1/1/0001 12:00:00 AM,VIP,Red
Tanner,Bishop,Futuris,1/1/0001 12:00:00 AM,Visitor,Blue
Howell,Elma,Pushcart,1/1/0001 12:00:00 AM,Staff,Yellow
Saunders,Mooney,Skybold,1/1/0001 12:00:00 AM,Guest,Red
Anderson,Terry,Marqet,1/1/0001 12:00:00 AM,Staff,Blue
Burns,Crosby,Austex,1/1/0001 12:00:00 AM,Guest,Yellow
Larsen,Valentine,Zenthall,1/1/0001 12:00:00 AM,VIP,Green
Miller,Curry,Zentility,1/1/0001 12:00:00 AM,Visitor,Red
Ferguson,Silva,Deepends,1/1/0001 12:00:00 AM,Staff,Blue
Wiley,Ollie,Imant,1/1/0001 12:00:00 AM,Guest,Yellow
Oneil,Laurel,Ozean,1/1/0001 12:00:00 AM,VIP,Green
Hopper,Camille,Geoforma,1/1/0001 12:00:00 AM,Visitor,Red
Powers,Meyers,Sentia,1/1/0001 12:00:00 AM,Staff,Blue
Dickson,Delacruz,Xplor,1/1/0001 12:00:00 AM,Guest,Yellow
Dennis,Parks,Idego,1/1/0001 12:00:00 AM,Staff,Red
Beasley,Petra,Steelfab,1/1/0001 12:00:00 AM,Guest,Blue
Mays,Estelle,Caxt,1/1/0001 12:00:00 AM,VIP,Yellow
Wilkins,Delgado,Geologix,1/1/0001 12:00:00 AM,Visitor,Green
Crawford,Cooper,Cyclonica,1/1/0001 12:00:00 AM,Staff,Red
Long,Madelyn,Architax,1/1/0001 12:00:00 AM,Guest,Blue
Caldwell,Horton,Newcube,1/1/0001 12:00:00 AM,VIP,Yellow
Elliott,Hilda,Aeora,1/1/0001 12:00:00 AM,Visitor,Green
Deleon,Frances,Ginkogene,1/1/0001 12:00:00 AM,Staff,Red
Mcconnell,Yolanda,Cytrex,1/1/0001 12:00:00 AM,Guest,Blue
Patterson,Ann,Edecine,1/1/0001 12:00:00 AM,Staff,Yellow
Hartman,Cardenas,Digial,1/1/0001 12:00:00 AM,Guest,Red
Cooke,Corrine,Updat,1/1/0001 12:00:00 AM,VIP,Blue
Chan,Marcy,Quarmony,1/1/0001 12:00:00 AM,Visitor,Yellow
Mcfarland,Helga,Securia,1/1/0001 12:00:00 AM,Staff,Green
Perez,Lee,Dymi,1/1/0001 12:00:00 AM,Guest,Red
Poole,Sheree,Xixan,1/1/0001 12:00:00 AM,VIP,Blue
Conley,Rhonda,Oatfarm,1/1/0001 12:00:00 AM,Visitor,Yellow
Crane,Malone,Plexia,1/1/0001 12:00:00 AM,Staff,Green
Moreno,Celina,Ebidco,1/1/0001 12:00:00 AM,Guest,Red
Aguirre,Lorraine,Syntac,1/1/0001 12:00:00 AM,Staff,Blue
England,Deleon,Genmy,1/1/0001 12:00:00 AM,Guest,Yellow
Mcknight,Taylor,Lingoage,1/1/0001 12:00:00 AM,VIP,Red
Flynn,Wendy,Bunga,1/1/0001 12:00:00 AM,Visitor,Blue
Jordan,Everett,Straloy,1/1/0001 12:00:00 AM,Staff,Yellow
Lane,Young,Shepard,1/1/0001 12:00:00 AM,Guest,Green
Pittman,Koch,Geekmosis,1/1/0001 12:00:00 AM,VIP,Red
Calhoun,Brianna,Assistia,1/1/0001 12:00:00 AM,Visitor,Blue
Norman,Viola,Bleendot,1/1/0001 12:00:00 AM,Staff,Yellow
Vaughn,Rosales,Dragbot,1/1/0001 12:00:00 AM,Guest,Green
Bush,Bradshaw,Exoswitch,1/1/0001 12:00:00 AM,Staff,Red
Ortiz,Noemi,Zoid,1/1/0001 12:00:00 AM,Guest,Blue
Sears,Georgia,Asimiline,1/1/0001 12:00:00 AM,VIP,Yellow
Evans,Ross,Quonata,1/1/0001 12:00:00 AM,Visitor,Red
Lindsay,Dunn,Gluid,1/1/0001 12:00:00 AM,Staff,Blue
Rowe,Danielle,Daisu,1/1/0001 12:00:00 AM,Guest,Yellow
Dodson,Geraldine,Techtrix,1/1/0001 12:00:00 AM,VIP,Green
Wright,Andrews,Skyplex,1/1/0001 12:00:00 AM,Visitor,Red
Yang,Greer,Frolix,1/1/0001 12:00:00 AM,Staff,Blue
Walters,Sasha,Maineland,1/1/0001 12:00:00 AM,Guest,Yellow
Galloway,Miranda,Uneeq,1/1/0001 12:00:00 AM,Staff,Green
Hart,Mable,Sulfax,1/1/0001 12:00:00 AM,Guest,Red
Frost,Nadine,Isbol,1/1/0001 12:00:00 AM,VIP,Blue
Gomez,Gould,Terrago,1/1/0001 12:00:00 AM,Visitor,Yellow
Klein,Olsen,Utara,1/1/0001 12:00:00 AM,Staff,Red
Mclaughlin,Eileen,Miracula,1/1/0001 12:00:00 AM,Guest,Blue
Montgomery,Sosa,Accruex,1/1/0001 12:00:00 AM,VIP,Yellow
Guthrie,Erma,Extragen,1/1/0001 12:00:00 AM,Visitor,Green
Ellison,Riggs,Halap,1/1/0001 12:00:00 AM,Staff,Red
Mack,Rosa,Ginkle,1/1/0001 12:00:00 AM,Guest,Blue
Barlow,Larsen,Idetica,1/1/0001 12:00:00 AM,Staff,Yellow
Dudley,Misty,Insuron,1/1/0001 12:00:00 AM,Guest,Green
Underwood,Jayne,Bullzone,1/1/0001 12:00:00 AM,VIP,Red
Mckinney,Kaufman,Corporana,1/1/0001 12:00:00 AM,Visitor,Blue
Mayer,Howard,Opticom,1/1/0001 12:00:00 AM,Staff,Yellow
Chang,Baird,Accel,1/1/0001 12:00:00 AM,Guest,Red
Hutchinson,Erika,Entogrok,1/1/0001 12:00:00 AM,VIP,Blue
Wynn,Raymond,Premiant,1/1/0001 12:00:00 AM,Visitor,Yellow
Robertson,Neva,Temorak,1/1/0001 12:00:00 AM,Staff,Green
Cleveland,Kelly,Lexicondo,1/1/0001 12:00:00 AM,Guest,Red
Holder,Lamb,Kiggle,1/1/0001 12:00:00 AM,Staff,Blue
Valentine,Martha,Enormo,1/1/0001 12:00:00 AM,Guest,Yellow
Rodriquez,Irma,Applideck,1/1/0001 12:00:00 AM,VIP,Green
Burgess,Petersen,Mantrix,1/1/0001 12:00:00 AM,Visitor,Red
Petersen,Susanna,Zolar,1/1/0001 12:00:00 AM,Staff,Blue
Price,Terrie,Twiist,1/1/0001 12:00:00 AM,Guest,Yellow
Neal,Shannon,Medalert,1/1/0001 12:00:00 AM,VIP,Red
Buckner,Jordan,Conferia,1/1/0001 12:00:00 AM,Visitor,Blue
Farrell,Merritt,Kraggle,1/1/0001 12:00:00 AM,Staff,Yellow
Nguyen,Bowen,Orbiflex,1/1/0001 12:00:00 AM,Guest,Green
Carr,Rivera,Supremia,1/1/0001 12:00:00 AM,Staff,Red
Marsh,Rosalind,Vantage,1/1/0001 12:00:00 AM,Guest,Blue
Short,Boyd,Exerta,1/1/0001 12:00:00 AM,VIP,Yellow
Blackwell,Chandra,Sybixtex,1/1/0001 12:00:00 AM,Visitor,Green
Parker,Therese,Icology,1/1/0001 12:00:00 AM,Staff,Red
Mccray,Coleman,Comtour,1/1/0001 12:00:00 AM,Guest,Blue
Mcmahon,Brooks,Flyboyz,1/1/0001 12:00:00 AM,VIP,Yellow
Murphy,Esmeralda,Xiix,1/1/0001 12:00:00 AM,Visitor,Red
Leonard,Cornelia,Empirica,1/1/0001 12:00:00 AM,Staff,Blue
Clay,Winnie,Isologica,1/1/0001 12:00:00 AM,Guest,Yellow
Dixon,Faith,Cognicode,1/1/0001 12:00:00 AM,Staff,Green
Stanley,Janelle,Entality,1/1/0001 12:00:00 AM,Guest,Red
Ford,Bell,Xelegyl,1/1/0001 12:00:00 AM,VIP,Blue
Stokes,Williams,Sureplex,1/1/0001 12:00:00 AM,Visitor,Yellow
Hardy,Phyllis,Stralum,1/1/0001 12:00:00 AM,Staff,Green
Gordon,Watson,Dognost,1/1/0001 12:00:00 AM,Guest,Red
Hoffman,Lillie,Ecraze,1/1/0001 12:00:00 AM,VIP,Blue
Thompson,Kerry,Megall,1/1/0001 12:00:00 AM,Visitor,Yellow
Edwards,Ora,Krag,1/1/0001 12:00:00 AM,Staff,Red
Keith,Lewis,Elentrix,1/1/0001 12:00:00 AM,Guest,Blue
Schmidt,Salazar,Ultrimax,1/1/0001 12:00:00 AM,Staff,Yellow
Wilcox,Castaneda,Imkan,1/1/0001 12:00:00 AM,Guest,Green
Gilmore,Gwendolyn,Yurture,1/1/0001 12:00:00 AM,VIP,Red
Dominguez,Rachel,Turnling,1/1/0001 12:00:00 AM,Visitor,Blue
Day,Dorothy,Recritube,1/1/0001 12:00:00 AM,Staff,Yellow
Clements,Patty,Fiberox,1/1/0001 12:00:00 AM,Guest,Green
Hale,Melton,Velos,1/1/0001 12:00:00 AM,VIP,Red
Walls,Josie,Moreganic,1/1/0001 12:00:00 AM,Visitor,Blue
Waters,Reed,Gink,1/1/0001 12:00:00 AM,Staff,Yellow
Warner,Vicki,Ovation,1/1/0001 12:00:00 AM,Guest,Red
Macdonald,Traci,Snorus,1/1/0001 12:00:00 AM,Staff,Blue
Fletcher,Margo,Overfork,1/1/0001 12:00:00 AM,Guest,Yellow
Peterson,Diana,Bedlam,1/1/0001 12:00:00 AM,VIP,Green
Erickson,Cox,Magmina,1/1/0001 12:00:00 AM,Visitor,Red
Schroeder,Poole,Frenex,1/1/0001 12:00:00 AM,Staff,Blue
Mcleod,Rachelle,Permadyne,1/1/0001 12:00:00 AM,Guest,Yellow
Cruz,Olivia,Comtract,1/1/0001 12:00:00 AM,VIP,Green
Shaffer,Garrison,Zytrax,1/1/0001 12:00:00 AM,Visitor,Red
Melendez,Carpenter,Webiotic,1/1/0001 12:00:00 AM,Staff,Blue
Santana,Jenna,Pearlessa,1/1/0001 12:00:00 AM,Guest,Yellow
Christian,Lawrence,Eargo,1/1/0001 12:00:00 AM,Staff,Red
Reese,Mendez,Opticon,1/1/0001 12:00:00 AM,Guest,Blue
Matthews,Carter,Norsup,1/1/0001 12:00:00 AM,VIP,Yellow
Pate,Wiggins,Qualitex,1/1/0001 12:00:00 AM,Visitor,Green
Joseph,Hendricks,Genekom,1/1/0001 12:00:00 AM,Staff,Red
Duran,Cline,Hopeli,1/1/0001 12:00:00 AM,Guest,Blue
Roberson,Reeves,Otherside,1/1/0001 12:00:00 AM,VIP,Yellow
Tyson,Flora,Techmania,1/1/0001 12:00:00 AM,Visitor,Green
Burke,Adriana,Dentrex,1/1/0001 12:00:00 AM,Staff,Red
Carpenter,Alma,Coash,1/1/0001 12:00:00 AM,Guest,Blue
Medina,Underwood,Quonk,1/1/0001 12:00:00 AM,Staff,Yellow
Grimes,Reba,Zedalis,1/1/0001 12:00:00 AM,Guest,Red
Goff,Tracie,Neptide,1/1/0001 12:00:00 AM,VIP,Blue
Beck,Savannah,Proxsoft,1/1/0001 12:00:00 AM,Visitor,Yellow
Sherman,Tameka,Corecom,1/1/0001 12:00:00 AM,Staff,Green
Buck,Carlson,Geekol,1/1/0001 12:00:00 AM,Guest,Red
Rollins,Susan,Zerbina,1/1/0001 12:00:00 AM,VIP,Blue
Leach,Campbell,Atgen,1/1/0001 12:00:00 AM,Visitor,Yellow
Shepherd,Emerson,Magnina,1/1/0001 12:00:00 AM,Staff,Green
Faulkner,Maldonado,Qnekt,1/1/0001 12:00:00 AM,Guest,Red
Savage,Callahan,Overplex,1/1/0001 12:00:00 AM,Staff,Blue
Jenkins,Gomez,Cytrak,1/1/0001 12:00:00 AM,Guest,Yellow
Rosales,Marilyn,Equicom,1/1/0001 12:00:00 AM,VIP,Red
Francis,Holland,Exposa,1/1/0001 12:00:00 AM,Visitor,Blue
Rasmussen,Snyder,Andryx,1/1/0001 12:00:00 AM,Staff,Yellow
Bright,Oneal,Goko,1/1/0001 12:00:00 AM,Guest,Green
Robinson,Barnes,Confrenzy,1/1/0001 12:00:00 AM,VIP,Red
Bartlett,Chase,Terrasys,1/1/0001 12:00:00 AM,Visitor,Blue
Byers,Ada,Portica,1/1/0001 12:00:00 AM,Staff,Yellow
Mckenzie,Bolton,Nurplex,1/1/0001 12:00:00 AM,Guest,Green
Weiss,Anderson,Anacho,1/1/0001 12:00:00 AM,Staff,Red
Good,Glass,Comstar,1/1/0001 12:00:00 AM,Guest,Blue
Boone,Imogene,Izzby,1/1/0001 12:00:00 AM,VIP,Yellow
Hobbs,Christina,Cincyr,1/1/0001 12:00:00 AM,Visitor,Red
Butler,Barton,Inear,1/1/0001 12:00:00 AM,Staff,Blue
Clemons,Spence,Aclima,1/1/0001 12:00:00 AM,Guest,Yellow
Hewitt,Howell,Strozen,1/1/0001 12:00:00 AM,VIP,Green
Finch,Reese,Rocklogic,1/1/0001 12:00:00 AM,Visitor,Red
Grant,Nikki,Speedbolt,1/1/0001 12:00:00 AM,Staff,Blue
Whitaker,Levy,Nebulean,1/1/0001 12:00:00 AM,Guest,Yellow
Meyers,Goodwin,Cubicide,1/1/0001 12:00:00 AM,Staff,Green
Mercer,Debbie,Vinch,1/1/0001 12:00:00 AM,Guest,Red
Raymond,Woodard,Fitcore,1/1/0001 12:00:00 AM,VIP,Blue
Casey,Judy,Sustenza,1/1/0001 12:00:00 AM,Visitor,Yellow
Sheppard,Addie,Miraclis,1/1/0001 12:00:00 AM,Staff,Red
Moss,Katina,Toyletry,1/1/0001 12:00:00 AM,Guest,Blue
Dalton,Marsha,Portico,1/1/0001 12:00:00 AM,VIP,Yellow
Lowery,Kayla,Insectus,1/1/0001 12:00:00 AM,Visitor,Green
Sawyer,Kramer,Koffee,1/1/0001 12:00:00 AM,Staff,Red
Calderon,Wells,Martgo,1/1/0001 12:00:00 AM,Guest,Blue
Higgins,York,Primordia,1/1/0001 12:00:00 AM,Staff,Yellow
Frye,Richard,Diginetic,1/1/0001 12:00:00 AM,Guest,Green
Humphrey,Booker,Zillar,1/1/0001 12:00:00 AM,VIP,Red
Giles,Willie,Freakin,1/1/0001 12:00:00 AM,Visitor,Blue
Knox,Nancy,Capscreen,1/1/0001 12:00:00 AM,Staff,Yellow
Ray,Key,Zilodyne,1/1/0001 12:00:00 AM,Guest,Red
Henson,Elise,Krog,1/1/0001 12:00:00 AM,VIP,Blue
Barker,Vonda,Suretech,1/1/0001 12:00:00 AM,Visitor,Yellow
Vargas,Lauri,Gynk,1/1/0001 12:00:00 AM,Staff,Green
Schultz,Clay,Exozent,1/1/0001 12:00:00 AM,Guest,Red
Kelly,Eaton,Codax,1/1/0001 12:00:00 AM,Staff,Blue
Quinn,Rosa,Frosnex,1/1/0001 12:00:00 AM,Guest,Yellow
Coleman,Karin,Aquasure,1/1/0001 12:00:00 AM,VIP,Green
Sanders,Alexandra,Geekus,1/1/0001 12:00:00 AM,Visitor,Red
Simmons,Meadows,Nexgene,1/1/0001 12:00:00 AM,Staff,Blue
Hoover,Ratliff,Mondicil,1/1/0001 12:00:00 AM,Guest,Yellow
Hopkins,Hughes,Affluex,1/1/0001 12:00:00 AM,VIP,Red
Ochoa,Woods,Verton,1/1/0001 12:00:00 AM,Visitor,Blue
Cotton,Fulton,Aquoavo,1/1/0001 12:00:00 AM,Staff,Yellow
Hurst,Selma,Rugstars,1/1/0001 12:00:00 AM,Guest,Green
Christensen,Sutton,Fuelworks,1/1/0001 12:00:00 AM,Staff,Red
Davidson,Lara,Kinetica,1/1/0001 12:00:00 AM,Guest,Blue
Marks,Fisher,Futurity,1/1/0001 12:00:00 AM,VIP,Yellow
Mckee,Cassie,Vitricomp,1/1/0001 12:00:00 AM,Visitor,Green
Mitchell,Amparo,Zuvy,1/1/0001 12:00:00 AM,Staff,Red
Boyer,Wolf,Turnabout,1/1/0001 12:00:00 AM,Guest,Blue
Pennington,Mcgowan,Accidency,1/1/0001 12:00:00 AM,VIP,Yellow
Green,Valencia,Rodeology,1/1/0001 12:00:00 AM,Visitor,Red
Britt,Robyn,Zilla,1/1/0001 12:00:00 AM,Staff,Blue
Gaines,Alford,Bytrex,1/1/0001 12:00:00 AM,Guest,Yellow
Espinoza,Becky,Xsports,1/1/0001 12:00:00 AM,Staff,Green
Gross,Anne,Bisba,1/1/0001 12:00:00 AM,Guest,Red
Jacobson,Pena,Ultrasure,1/1/0001 12:00:00 AM,VIP,Blue
Golden,Maryanne,Splinx,1/1/0001 12:00:00 AM,Visitor,Yellow
Parsons,Kane,Xerex,1/1/0001 12:00:00 AM,Staff,Green
Compton,Noble,Musix,1/1/0001 12:00:00 AM,Guest,Red
Glenn,Brittany,Netagy,1/1/0001 12:00:00 AM,VIP,Blue
Burks,Dixon,Zounds,1/1/0001 12:00:00 AM,Visitor,Yellow
Flores,Guy,Entroflex,1/1/0001 12:00:00 AM,Staff,Red
Franks,Burris,Multron,1/1/0001 12:00:00 AM,Guest,Blue
Houston,Leola,Slofast,1/1/0001 12:00:00 AM,Staff,Yellow
Logan,Shaw,Apexia,1/1/0001 12:00:00 AM,Guest,Green
Rivers,Barrera,Essensia,1/1/0001 12:00:00 AM,VIP,Red
Brewer,Fitzpatrick,Cytrek,1/1/0001 12:00:00 AM,Visitor,Blue
Head,Lolita,Bezal,1/1/0001 12:00:00 AM,Staff,Yellow
Berg,Christian,Polarax,1/1/0001 12:00:00 AM,Guest,Green
Curtis,Duran,Keengen,1/1/0001 12:00:00 AM,VIP,Red
Preston,Trujillo,Acusage,1/1/0001 12:00:00 AM,Visitor,Blue
Avila,Butler,Kaggle,1/1/0001 12:00:00 AM,Staff,Yellow
Cox,Alta,Mediot,1/1/0001 12:00:00 AM,Guest,Red
Patton,Bobbi,Enerforce,1/1/0001 12:00:00 AM,Staff,Blue
Olsen,Randolph,Zensus,1/1/0001 12:00:00 AM,Guest,Yellow
Patrick,Bentley,Maximind,1/1/0001 12:00:00 AM,VIP,Green
Barr,Watkins,Musanpoly,1/1/0001 12:00:00 AM,Visitor,Red
Morrow,Morgan,Klugger,1/1/0001 12:00:00 AM,Staff,Blue
Mayo,Mcneil,Isotrack,1/1/0001 12:00:00 AM,Guest,Yellow
Hubbard,Ewing,Ronelon,1/1/0001 12:00:00 AM,VIP,Green
Kirkland,Bullock,Jumpstack,1/1/0001 12:00:00 AM,Visitor,Red
Bernard,Gates,Xth,1/1/0001 12:00:00 AM,Staff,Blue
Wilder,Cote,Ovolo,1/1/0001 12:00:00 AM,Guest,Yellow
Castro,Vance,Dadabase,1/1/0001 12:00:00 AM,Staff,Red
Mathis,Alisha,Medcom,1/1/0001 12:00:00 AM,Guest,Blue
Petty,Nina,Bolax,1/1/0001 12:00:00 AM,VIP,Yellow
Becker,Knox,Kidgrease,1/1/0001 12:00:00 AM,Visitor,Green
Reed,Kinney,Tubalum,1/1/0001 12:00:00 AM,Staff,Red
Kane,Cheri,Tasmania,1/1/0001 12:00:00 AM,Guest,Blue
Hall,Sargent,Xanide,1/1/0001 12:00:00 AM,VIP,Yellow
Callahan,Matilda,Velity,1/1/0001 12:00:00 AM,Visitor,Green
Dunn,Johnson,Biotica,1/1/0001 12:00:00 AM,Staff,Red
Mason,Skinner,Liquicom,1/1/0001 12:00:00 AM,Guest,Blue
Nash,Bass,Gaptec,1/1/0001 12:00:00 AM,Staff,Yellow
Johnston,Jillian,Exoblue,1/1/0001 12:00:00 AM,Guest,Red
Hammond,Lorene,Accuprint,1/1/0001 12:00:00 AM,VIP,Blue
May,Day,Medesign,1/1/0001 12:00:00 AM,Visitor,Yellow
Figueroa,Brewer,Comtrak,1/1/0001 12:00:00 AM,Staff,Green
Robles,Jeannie,Trasola,1/1/0001 12:00:00 AM,Guest,Red
Perkins,Patrick,Bristo,1/1/0001 12:00:00 AM,VIP,Blue
Mccormick,Mitchell,Comdom,1/1/0001 12:00:00 AM,Visitor,Yellow
Valenzuela,Lucy,Bittor,1/1/0001 12:00:00 AM,Staff,Green
Cannon,Gayle,Cosmetex,1/1/0001 12:00:00 AM,Guest,Red
Browning,Livingston,Endipine,1/1/0001 12:00:00 AM,Staff,Blue
Sanford,Barr,Rameon,1/1/0001 12:00:00 AM,Guest,Yellow
Gallagher,Evelyn,Imaginart,1/1/0001 12:00:00 AM,VIP,Red
Brooks,Ramos,Retrack,1/1/0001 12:00:00 AM,Visitor,Blue
Contreras,Kellie,Geofarm,1/1/0001 12:00:00 AM,Staff,Yellow
Cooper,Douglas,Zepitope,1/1/0001 12:00:00 AM,Guest,Green
Johns,Winifred,Kyaguru,1/1/0001 12:00:00 AM,VIP,Red
Henry,Cook,Zeam,1/1/0001 12:00:00 AM,Visitor,Blue
Ross,Ophelia,Aquasseur,1/1/0001 12:00:00 AM,Staff,Yellow
Knapp,Kitty,Artiq,1/1/0001 12:00:00 AM,Guest,Green
Carson,Tillman,Virxo,1/1/0001 12:00:00 AM,Staff,Red
Stevenson,Deana,Surelogic,1/1/0001 12:00:00 AM,Guest,Blue
Watson,Cruz,Kneedles,1/1/0001 12:00:00 AM,VIP,Yellow
Sargent,Melissa,Assistix,1/1/0001 12:00:00 AM,Visitor,Red
Smith,Joyce,Teraprene,1/1/0001 12:00:00 AM,Staff,Blue
Montoya,Alisa,Isosure,1/1/0001 12:00:00 AM,Guest,Yellow
Curry,Sloan,Zilladyne,1/1/0001 12:00:00 AM,VIP,Green
Moran,Clark,Rooforia,1/1/0001 12:00:00 AM,Visitor,Red
Beard,Wagner,Nixelt,1/1/0001 12:00:00 AM,Staff,Blue
Franklin,Deloris,Valpreal,1/1/0001 12:00:00 AM,Guest,Yellow
Glover,Rivas,Extremo,1/1/0001 12:00:00 AM,Staff,Green
Dorsey,Eva,Mantro,1/1/0001 12:00:00 AM,Guest,Red
Kirk,Angeline,Buzzmaker,1/1/0001 12:00:00 AM,VIP,Blue
Jensen,Wallace,Enthaze,1/1/0001 12:00:00 AM,Visitor,Yellow
Hodges,Heidi,Interfind,1/1/0001 12:00:00 AM,Staff,Red
Rocha,Spears,Solgan,1/1/0001 12:00:00 AM,Guest,Blue
Bullock,Brandy,Thredz,1/1/0001 12:00:00 AM,VIP,Yellow
Woodard,England,Dognosis,1/1/0001 12:00:00 AM,Visitor,Green
Santos,Love,Bicol,1/1/0001 12:00:00 AM,Staff,Red
Nelson,Burgess,Zaj,1/1/0001 12:00:00 AM,Guest,Blue
Morton,Phelps,Handshake,1/1/0001 12:00:00 AM,Staff,Yellow
Osborne,Olive,Ecolight,1/1/0001 12:00:00 AM,Guest,Green
Velez,Sparks,Bluegrain,1/1/0001 12:00:00 AM,VIP,Red
White,James,Suremax,1/1/0001 12:00:00 AM,Visitor,Blue
William,Washington,Phormula,1/1/0001 12:00:00 AM,Staff,Yellow
Pearson,Christian,Helixo,1/1/0001 12:00:00 AM,Guest,Red
Carlson,Nola,Comcur,1/1/0001 12:00:00 AM,VIP,Blue
Cohen,Cathy,Pyramia,1/1/0001 12:00:00 AM,Visitor,Yellow
Skinner,Houston,Corpulse,1/1/0001 12:00:00 AM,Staff,Green
Oneal,Paulette,Enervate,1/1/0001 12:00:00 AM,Guest,Red
Blanchard,Tia,Puria,1/1/0001 12:00:00 AM,Staff,Blue
Hayden,Natalie,Octocore,1/1/0001 12:00:00 AM,Guest,Yellow
Hatfield,Vega,Uncorp,1/1/0001 12:00:00 AM,VIP,Green
Norton,Rhodes,Malathion,1/1/0001 12:00:00 AM,Visitor,Red
Taylor,Abby,Vurbo,1/1/0001 12:00:00 AM,Staff,Blue
Jarvis,Stanley,Envire,1/1/0001 12:00:00 AM,Guest,Yellow
Riggs,Simon,Brainclip,1/1/0001 12:00:00 AM,VIP,Red
Baker,Maxwell,Concility,1/1/0001 12:00:00 AM,Visitor,Blue
Barrera,Osborn,Remotion,1/1/0001 12:00:00 AM,Staff,Yellow
Young,Davis,Olucore,1/1/0001 12:00:00 AM,Guest,Green
Ramirez,Hutchinson,Idealis,1/1/0001 12:00:00 AM,Staff,Red
Larson,Prince,Pulze,1/1/0001 12:00:00 AM,Guest,Blue
Church,Robert,Plasmos,1/1/0001 12:00:00 AM,VIP,Yellow
Lynch,Sonja,Insurity,1/1/0001 12:00:00 AM,Visitor,Green
Terry,Stephenson,Xymonk,1/1/0001 12:00:00 AM,Staff,Red
Winters,Nona,Calcu,1/1/0001 12:00:00 AM,Guest,Blue
Foster,Price,Automon,1/1/0001 12:00:00 AM,VIP,Yellow
Chaney,Ruth,Zilch,1/1/0001 12:00:00 AM,Visitor,Red
Hyde,Molly,Datagen,1/1/0001 12:00:00 AM,Staff,Blue
Trujillo,Hays,Kozgene,1/1/0001 12:00:00 AM,Guest,Yellow
Flowers,Kaitlin,Fibrodyne,1/1/0001 12:00:00 AM,Staff,Green
Williams,Greta,Eyewax,1/1/0001 12:00:00 AM,Guest,Red
Fulton,Wilda,Orbixtar,1/1/0001 12:00:00 AM,VIP,Blue
Bowen,Rhoda,Visualix,1/1/0001 12:00:00 AM,Visitor,Yellow
Mcfadden,Le,Isonus,1/1/0001 12:00:00 AM,Staff,Green
Wooten,Graham,Billmed,1/1/0001 12:00:00 AM,Guest,Red
Pugh,Myrtle,Kineticut,1/1/0001 12:00:00 AM,VIP,Blue
Woods,Erna,Quilk,1/1/0001 12:00:00 AM,Visitor,Yellow
Townsend,Sellers,Hometown,1/1/0001 12:00:00 AM,Staff,Red
Fuentes,Baldwin,Inquala,1/1/0001 12:00:00 AM,Guest,Blue
Mooney,Reilly,Xurban,1/1/0001 12:00:00 AM,Staff,Yellow
Delaney,Huber,Genmex,1/1/0001 12:00:00 AM,Guest,Green
Oneill,Rosario,Zentix,1/1/0001 12:00:00 AM,VIP,Red
Morrison,Mia,Extro,1/1/0001 12:00:00 AM,Visitor,Blue
Blake,Cecile,Realysis,1/1/0001 12:00:00 AM,Staff,Yellow
Bolton,David,Corepan,1/1/0001 12:00:00 AM,Guest,Green
Gregory,Jewel,Matrixity,1/1/0001 12:00:00 AM,VIP,Red
Wiggins,Nielsen,Xoggle,1/1/0001 12:00:00 AM,Visitor,Blue
Adams,Stanton,Unisure,1/1/0001 12:00:00 AM,Staff,Yellow
Vasquez,Sykes,Inrt,1/1/0001 12:00:00 AM,Guest,Red
Snow,Esther,Accufarm,1/1/0001 12:00:00 AM,Staff,Blue
Phillips,Vickie,Avenetro,1/1/0001 12:00:00 AM,Guest,Yellow
Sharpe,Deanna,Deminimum,1/1/0001 12:00:00 AM,VIP,Green
Wallace,Maddox,Powernet,1/1/0001 12:00:00 AM,Visitor,Red
Weaver,Green,Trollery,1/1/0001 12:00:00 AM,Staff,Blue
Harmon,Snider,Oceanica,1/1/0001 12:00:00 AM,Guest,Yellow
Cantu,Mcmillan,Sealoud,1/1/0001 12:00:00 AM,VIP,Green
Benton,Santana,Acrodance,1/1/0001 12:00:00 AM,Visitor,Red
Manning,Britt,Comvey,1/1/0001 12:00:00 AM,Staff,Blue
